words,¿â´æ,¹ÉÆ±
sales,30,4
of,460,635
the,807,1348
focus,2,1
were,7,24
up,40,47
this,59,76
year,15,34
compared,2,5
with,80,107
last,8,29
he,13,99
said,7,47
and,488,362
dealers,7,1
having,5,5
a,207,646
hard,4,3
time,33,32
keeping,11,3
them,12,14
in,337,408
stock,1068,1064
we,77,11
are,89,88
pleased,4,2
to,402,550
offer,19,8
at,36,90
special,7,5
price,34,91
all,54,39
our,28,9
customers,10,4
hope,3,5
that,74,200
may,9,26
be,79,125
able,5,8
develop,3,1
some,15,37
business,16,22
select,3,2
clause,3,1
produces,2,1
one,16,51
summary,2,3
row,2,1
for,211,194
each,22,13
group,3,5
displaying,2,1
name,10,11
product,43,3
its,22,70
-,20,20
average,5,6
quantity,35,4
any,20,32
items,48,4
unsold,4,1
end,3,11
period,7,13
which,21,44
decide,4,2
not,59,107
keep,22,9
as,61,162
would,16,29
returned,5,1
expense,3,1
what,11,18
i,30,61
understood,2,2
you,76,112
going,3,18
give,7,10
material,52,1
from,66,62
then,14,15
do,30,34
find,8,9
difficulty,2,1
delaying,2,1
shipment,6,1
chapter,2,4
5,7,9
certain,7,12
clock,2,1
glasses,2,1
retail,7,3
company,23,116
management,90,7
problem,10,8
carry,6,4
on,114,175
excellent,2,3
turn,5,6
since,3,18
soared,2,3
car,4,4
manufacturers,7,1
recent,4,14
months,3,12
increased,3,4
production,51,2
yield,2,2
initiative,2,1
continued,3,11
decline,2,8
have,71,80
many,13,19
goods,56,2
is,167,276
reasonable,11,2
can,52,60
just,8,29
want,7,6
zero,11,2
has,34,84
no,19,29
general,4,4
sense,3,1
analyzing,3,2
financial,4,16
theory,6,3
cost,20,3
considering,2,3
scale,3,2
supply,39,3
if,49,73
wants,2,3
it,62,148
immediate,3,3
consumption,3,2
those,8,20
only,16,23
place,4,8
industrial,8,3
capital,7,23
nearly,3,3
beyond,3,2
repair,6,1
result,5,8
years,3,29
underinvestment,2,1
shortages,5,1
spare,42,1
parts,53,1
precautionary,2,1
measure,2,3
help,6,8
bp,3,1
manage,17,4
levels,28,5
oil,6,5
terminal,2,1
near,2,1
baku,2,1
supplies,20,2
btc,2,1
she,4,11
had,11,41
possibility,2,2
very,19,18
obsolete,3,1
lining,2,1
becomes,2,3
originally,2,1
fashionable,2,1
like,12,36
also,21,31
digested,2,1
reduced,4,3
category,4,1
through,12,14
point,3,14
click,2,2
products,63,3
skus,2,1
units,9,2
by,46,70
administrators,2,1
however,11,7
more,24,42
recently,4,7
bearish,2,1
reports,4,7
showed,3,3
further,8,6
slowdown,2,1
demand,23,4
higher,3,10
negative,4,4
impact,5,8
prices,9,48
enough,10,3
influence,5,7
selling,8,15
surplus,4,2
causes,2,2
crisis,3,7
fund,2,12
strengthens,2,1
risk,8,19
workers,2,2
an,39,95
enterprise,13,3
now,13,25
good,15,15
loss,7,4
increase,7,6
cannot,3,5
sold,12,10
commodities,2,3
held,5,6
international,3,4
organization,5,1
will,50,45
aim,3,4
stabilize,2,1
buying,7,29
please,13,4
wait,4,5
minute,2,1
i'll,8,3
check,28,5
out,44,45
few,5,14
minutes,2,4
reason,3,4
simply,3,5
there,17,22
still,11,15
need,16,9
shelves,2,2
within,8,9
store,20,2
refill,2,1
before,11,12
out-of-stock,5,2
situation,10,3
occurs,3,1
after,16,25
checked,4,1
exclusive,2,1
gateway,2,1
used,13,23
conditional,2,1
logic,3,1
book,33,6
being,6,7
or,48,124
discussion,2,1
cases,5,1
prove,2,3
both,9,7
substitution,2,1
reorder,5,1
bring,5,4
profits,2,10
reduce,11,3
level,64,1
due,3,5
too,7,14
much,12,24
part,13,12
external,3,3
rent,2,1
suitable,2,2
virtual,4,1
fire,2,2
sale,13,12
sell,9,28
seasonal,3,1
things,3,4
order,79,4
large,16,9
range,4,6
suppliers,10,1
50+,2,1
add,7,4
grows,2,1
so,22,30
system,49,10
needs,15,5
adapt,2,1
inventory,93,1
mainly,4,3
achieved,4,1
transfer,18,1
does,8,16
total,8,10
prepared,3,3
bear,2,7
extra,3,3
involved,2,6
effectively,2,1
holding,3,5
their,22,52
behalf,2,2
take,20,13
work,11,10
frames,2,1
send,5,5
complete,6,4
list,10,10
return,6,10
let,6,8
me,6,15
see,13,22
i'm,2,8
sorry,6,1
don't,8,16
medicine,6,1
right,6,23
try,4,10
another,8,11
drug,6,1
ask,4,2
doctor,2,3
replace,5,1
therefore,4,3
main,4,7
reasons,3,4
stock-keeping,3,1
ensure,34,2
expensive,2,2
graphics,2,1
must,9,9
communicate,3,1
benefits,3,3
given,6,8
brand,8,1
well,8,18
establish,4,4
identity,2,1
across,3,5
different,7,7
experienced,3,2
warmer,2,1
first,9,21
half,3,7
market,18,226
cash,11,18
trust,2,3
owners,2,4
competing,3,2
companies,13,20
control,65,8
committee,2,6
trustees,2,2
strongly,3,1
advise,4,1
lay,2,1
least,4,12
small,7,12
document,2,1
been,9,46
produced,3,2
provide,10,6
guidance,2,2
buyers,7,5
managers,4,2
raise,4,4
awareness,2,1
responsible,20,3
data,18,13
value,11,38
issues,7,6
accuracy,21,1
report,25,8
i'd,2,2
kind,2,6
shoes,9,1
case,7,6
short,4,10
among,4,10
unsatisfactory,2,1
export,12,1
amount,9,7
proportion,3,2
compensation,3,5
heart,2,1
stone,2,1
shang,3,1
hand,17,3
overstock,2,1
make,51,17
flow,8,1
macaroni,2,1
was,15,84
cooked,2,1
capon,2,1
flavored,2,1
saffron,2,1
illustrating,2,1
arab,2,1
moment,3,5
beginning,3,5
month,7,11
until,5,5
orders,25,5
full,7,7
consumptions,2,1
than,8,35
intake,2,1
when,21,54
it's,7,22
ordered,9,2
publisher,5,1
additional,6,8
task,3,1
uh,2,1
huh,2,1
told,3,5
selected,4,3
because,7,18
wish,3,2
install,2,2
accounting,6,3
installed,2,1
divert,2,1
military,2,1
budget,4,1
little,3,11
huge,3,5
us,8,15
treasury,6,5
bonds,3,9
stress,2,1
two,4,28
days,4,10
heavy,5,1
limited,9,3
classification,5,3
key,6,3
warehouse,38,1
describe,2,3
movement,8,1
complex,3,6
number,27,18
enhance,3,2
purchase,27,10
chemical,3,1
important,9,7
means,2,8
annual,3,6
stocktaking,3,1
shall,10,11
sorted,2,1
convenient,2,1
other,25,33
members,3,4
team,5,2
london,2,6
act,2,2
distributors,7,1
agents,56,1
crude,2,1
influenced,2,1
own,6,16
patterns,4,2
but,22,80
around,2,9
75,2,1
per,5,11
cent,2,6
lme's,3,1
could,8,20
tied,2,5
warehouses,3,1
financing,2,3
deals,2,2
according,25,5
industry,63,5
estimate,2,2
regularly,8,1
informed,2,1
about,9,34
actual,13,3
timely,6,2
ordering,10,1
payment,3,3
collection,3,2
following,5,4
example,13,7
queries,2,1
discontinued,3,1
table,7,5
second,2,6
travel,2,1
books,34,3
new,13,49
budgets,3,1
out-of-print,2,1
rarity,2,1
running,6,3
low,16,9
where,6,14
less,2,8
20,5,4
type,7,2
box,3,2
plan,18,9
coordinate,3,1
materials,29,1
stocking,2,1
define,5,1
minimum,7,2
initiate,3,2
requests,3,1
raw,10,1
either,2,6
already,2,5
via,4,1
ready,3,3
analysis,20,13
change,6,7
money,5,39
permission,2,1
model,22,5
results,5,5
backstage,2,1
perfect,2,1
etc,7,1
statistics,6,2
print,4,1
information,25,16
service,14,4
governor,2,2
whether,5,18
they,18,44
actively,2,3
promote,2,1
publishers,2,1
require,5,3
sizeable,2,1
condemn,2,1
iraq,2,2
threaten,2,1
isolate,2,1
fails,2,1
destroy,2,1
cyanide,2,1
mustard,2,1
gases,2,1
activity,5,2
optional,2,1
executed,2,1
condition,5,2
met,2,2
class,3,7
representing,2,4
current,15,13
useful,2,3
display,5,2
search,2,2
view,4,3
retailers,8,2
capping,2,1
nestle's,2,1
sma,2,1
milk,2,2
despite,3,9
saying,2,3
uses,5,3
get,5,21
european,2,4
american,2,3
furniture,2,1
should,17,20
consumed,3,1
during,8,17
3,5,5
experience,7,3
purchasing,9,7
planning,9,2
operational,4,1
update,10,2
record,11,5
started,2,5
july,2,3
adjust,3,1
mandate,2,1
pressure,2,6
gsk,2,1
6,3,2
million,5,10
packs,3,1
relenza,2,1
next,3,13
three,4,11
several,3,6
ways,2,7
including,7,9
supplying,3,2
shares,2,79
exercise,2,5
options,3,27
convertible,2,7
basic,3,1
connotation,2,1
trading,4,54
mixed,2,2
coordinating,3,1
value-added,2,1
services,8,3
putting,2,2
forward,5,3
thought,3,5
chain,21,1
traditional,6,2
faces,2,2
challenge,2,4
existing,10,3
approved,2,4
foreign,3,7
trade,6,15
wholesale,5,2
marketing,5,1
public,3,16
welcome,2,2
negotiate,2,1
balance,7,2
cotton,8,1
meet,10,4
late,5,1
shortly,2,2
function,6,2
returns,12,6
item,29,1
meta,3,1
asked,2,3
ship,10,2
customer,25,2
attempts,2,1
shipped,7,1
reserves,4,1
maintained,4,1
form,5,10
achieve,5,1
design,6,1
engineering,2,1
contracted,2,1
disposal,2,1
finished,5,2
accounts,3,5
set,9,15
implement,6,1
monthly,14,1
cycle,12,1
counting,10,1
98,2,1
start,5,6
asap,3,1
takes,3,4
long,9,21
arrive,2,1
here,4,4
wanna,2,1
run,4,7
today,3,9
sure,13,3
tomorrow,4,1
electronically,2,1
controlled,4,3
environment,4,3
essential,3,2
erp,4,1
substandard,2,1
voucher,2,1
namely,2,2
paper,22,12
physical,8,2
provided,3,2
vendor,6,1
suggest,3,3
highlighted,2,2
falls,5,8
below,5,3
while,5,11
circulating,2,1
his,6,50
way,12,17
says,4,14
formerly,3,3
known,3,8
bookstock,2,1
packing,9,1
related,8,1
opex,2,1
consumables,6,1
non-stock,3,1
area,5,3
3000,2,1
kinds,10,1
models,6,1
original,4,1
kept,3,2
date,7,10
hospital's,2,1
diagnostic,2,1
equipment,15,1
destroyed,2,1
along,3,4
query,2,1
compares,3,2
in-stock,8,1
delivery,14,2
optimized,6,1
open,5,8
pending,3,1
calling,2,2
definable,2,1
url,2,1
attached,3,3
file,2,2
placed,3,3
loose,2,2
appropriately,4,3
sized,3,4
bdcm,3,3
carton,3,3
pls,4,3
pack,3,4
inside,3,3
inner,3,3
boxes,3,3
non,2,1
conformity,2,1
contact,2,1
supplier,15,1
quality,21,2
issue,13,16
follow,8,2
solution,4,1
delivered,3,1
location,13,2
designate,2,1
carefully,4,2
logistics,8,1
without,12,5
delay,2,3
systems,4,3
varied,2,2
enterprises,8,4
linked,2,3
together,2,1
network,4,1
share,7,25
resources,5,1
optimize,9,1
structure,6,3
summer,3,1
flurry,2,2
complaints,2,1
artists,2,1
alliance,2,1
online,5,3
forum,2,1
really,3,3
long-term,3,6
popular,2,6
speaking,2,1
n+x,2,1
method,18,6
idea,2,6
promises,2,1
carries,3,1
productions,2,1
stuffed,2,1
day,6,15
blackout,2,1
most,13,20
stores,8,1
entire,3,4
flashlights,2,1
hours,3,2
frequent,2,1
occurrences,2,1
situations,3,2
cause,4,2
churn,2,2
even,6,18
worse,2,1
visit,3,1
client,2,4
callback,2,1
invokes,2,1
raisecallbackevent,2,1
determines,2,1
available,12,6
passed,3,1
buy,11,42
normal,4,2
validate,3,1
invoice,3,1
anticipation,2,1
your,34,41
reserved,2,1
position,3,4
accept,2,2
required,5,3
conventional,2,1
pieces,6,1
2,5,5
000,8,1
washing,2,1
machines,2,1
determine,3,2
pictures,8,1
technical,2,3
upc,2,1
manufacturer,2,1
quickly,4,6
load,3,1
into,10,34
website,4,1
phasing,3,1
lead,8,2
set-up,2,1
maintain,16,2
safety,30,1
mould,2,1
accordingly,2,2
expected,4,5
digestive,2,1
tract,2,1
poor,4,3
deliver,2,1
might,4,19
linings,2,1
looms,2,1
spring,2,1
buffer,3,1
financed,2,1
compulsory,2,1
contributions,3,1
producing,2,1
countries,3,6
voluntary,2,1
consuming,2,1
produce,7,2
use,16,12
represents,3,5
human,3,1
performed,2,2
representative,2,2
who,3,27
resolves,2,1
availability,9,1
came,2,3
back,13,14
home,3,8
accompanied,2,1
inspiration,2,1
promotional,2,1
visited,2,1
exhibitions,2,1
scratch,2,1
stock-sharing,2,1
between,13,17
supermarket,6,1
create,9,2
platform,2,2
expanding,2,1
stockcheck,2,1
company's,3,42
likely,3,9
insufficient,4,1
coming,2,2
quarter,2,4
there's,4,2
clear,6,7
distinction,2,1
call,3,8
deal,4,5
unceasing,2,1
innovation,3,1
department,10,1
keeps,6,2
hundreds,3,3
thousands,3,5
process,18,4
waits,3,1
replenished,3,1
assurance,2,1
purchased,2,1
later,2,5
demandable,2,1
economic,5,21
put,4,14
creates,2,2
sqlcommand,2,1
object,4,3
contains,3,2
sql,2,1
command,2,1
retrieve,4,1
specified,2,6
id,3,1
room,5,3
accurate,7,2
orderly,2,2
appropriate,6,2
firm,3,12
decided,2,6
rummage,2,1
old,5,5
neither,2,2
showrooms,2,1
though,2,5
earlier,2,3
version,2,1
iphone,2,3
supermarkets,4,1
modern,3,2
content,4,1
mop,2,1
excess,4,3
gold-backed,2,1
cousins,2,1
investor,2,16
support,9,8
difference,2,5
that's,3,10
counted,2,2
shown,3,3
drawing,3,1
cloth,2,1
requirement,10,1
strict,2,2
dare,2,1
wear,3,1
tear,2,1
become,3,14
bloomington,2,1
fly,2,2
center,4,1
collects,2,1
maintains,5,1
distributes,2,1
drosophila,2,1
melanogaster,2,1
strains,2,1
research,10,10
implementing,4,1
alternative,3,2
procurement,5,1
sources,3,2
minimize,4,2
replacement,4,2
times,4,9
costs,10,3
user,5,5
force,3,3
reservation,2,1
wishes,2,1
move,4,7
whereas,3,1
scheduler,2,1
didn't,2,3
automatically-generated,2,1
picking,2,4
created,3,3
components,10,2
asiatic,2,1
tree,3,2
bearing,2,2
edible,2,1
red,2,1
yellow,2,1
fruit,9,1
europe,2,3
budding,2,1
istockphoto,4,1
community,2,2
photographers,3,1
source,6,2
high,17,11
low-cost,3,2
photos,5,1
technology,5,5
computer,7,4
realize,4,3
electronic,2,2
processing,20,1
improve,7,2
efficiency,5,3
assist,7,1
planner,3,1
p,3,1
o,2,1
controlling,5,1
dealing,2,1
ad,2,1
specific,4,7
plu,2,1
associate,2,1
look,6,11
locate,3,2
thank,3,2
inquiry,3,1
am,5,3
responsibility,4,2
replenishing,2,1
generating,3,1
reductions,2,1
office,8,2
drop,2,5
these,9,19
gauges,3,1
designed,2,4
factory,9,1
dash,2,1
anything,4,3
established,3,1
microstock,2,1
photography,4,1
providing,2,1
extremely,3,2
points,2,5
analyze,8,5
usage,6,1
scrap,3,1
action,4,3
continuous,4,1
unit,4,1
sku,3,1
unique,3,3
combination,2,3
assembled,2,2
purchasable,2,1
l,8,1
promotion,4,1
region,3,2
dept,5,1
proper,6,1
buyer,5,2
consignment,13,1
care,3,2
respectable,2,1
businessman,2,1
rate,12,13
dependant,2,1
entity,2,3
relative,2,5
rotation,2,1
angle,2,1
obtained,2,1
rotary,2,1
match,4,1
contours,2,1
storage,27,1
tidy,3,1
posted,4,2
unrestricted-use,16,1
issuing,4,1
receiving,7,2
invoked,2,2
resolve,2,1
unavailable,3,1
traditionally,2,1
various,2,1
links,3,2
respective,2,1
seeking,3,1
maximize,3,1
benefit,2,4
8,4,2
errors,2,1
stock-control,2,1
retrieves,2,1
line,9,6
performs,2,2
necessary,9,1
updates,4,3
objective,6,1
phenomenon,2,1
involving,2,1
pay,3,19
placement,2,3
strategies,3,4
optimum,3,1
policy,11,3
decision,6,4
module,2,1
proposal,4,1
commence,3,1
future,4,10
professional,5,2
audit,3,4
discrepancies,2,2
adjustment,5,3
random,6,3
inspection,10,2
reduction,4,3
50,2,7
risks,4,5
counter,3,3
party,2,1
weekly,6,1
basis,8,6
prepare,8,1
highlighting,2,1
plant,7,2
valuated,3,1
confirmation,3,1
email,2,1
sent,2,7
includes,3,2
teaching,2,1
computation,3,1
typically,3,3
procured,2,1
manually,2,1
rule,3,2
virtually,3,1
contamination,2,1
dewatering,2,1
unlike,2,3
standard,6,2
knife,2,1
gate,2,1
valves,2,1
regard,2,1
partial,3,3
speed,3,3
matters,2,1
instead,3,9
waiting,2,3
whole,2,5
completed,2,2
unfortunately,2,2
did,2,20
receive,3,6
vmi,3,1
strategy,10,2
managing,7,2
customer's,4,1
currently,3,3
local,4,8
costco,2,1
amazon,3,2
com,3,2
big,3,11
field,4,3
page,5,5
displays,2,1
continuously,2,1
reporting,3,3
departmental,2,1
supporting,2,1
import,9,1
activities,4,1
capex,2,1
limiting,2,1
exact,3,3
green,4,3
request,6,6
dyed,2,1
jacquard,2,1
same,5,14
catalog,2,1
image,2,1
commits,2,1
myob,2,1
sync'd,2,1
arrange,3,1
shipments,3,1
simple,3,5
files,2,3
servers,2,1
copy,3,1
s3,2,1
ami,2,1
usual,2,1
headlines,2,1
thumbnail,2,1
attractions,2,1
tickets,2,2
ticket,5,3
inquiries,3,1
booking,2,2
output,5,1
statements,3,2
notes,3,2
types,3,2
instruments,2,3
eurobrasil,2,1
ltda,2,1
wide,2,3
selection,2,4
brazilan,2,1
granite,2,1
blocks,2,1
immediately,3,3
prompt,3,1
oracle,2,1
helps,4,2
better,4,6
decisions,3,2
minimizing,2,1
maximizing,2,1
developing,3,2
updating,2,1
machinery,2,1
procedures,3,1
prevent,3,1
discharging,2,1
incoming,4,1
wrongly,2,1
printing,14,2
statement,4,6
four,3,4
dispatch,2,1
monitoring,2,1
spinning,3,1
under,9,6
ex-factory,2,1
continue,2,2
rise,6,13
finally,2,1
application,15,5
study,12,8
achievement,2,1
thesis,2,3
my,4,18
rack,2,1
evident,2,1
tech,2,2
shop,10,1
made,7,19
lines,2,1
bulk,4,3
engaged,2,1
electronics,4,1
exclusively,2,1
merchandise,4,1
withdrawn,2,1
regret,4,1
inform,6,1
fact,4,7
quite,2,5
owing,4,2
commitment,2,1
early,4,9
absolutely,2,1
checking,6,3
account,10,12
workshop,2,1
methods,5,3
advantages,4,2
implementation,3,1
hospital,9,1
storehouse,4,1
analyzed,3,1
brace,2,1
myself,2,2
periodic,3,1
harvey,2,1
nichols,2,1
replenish,9,1
sony,2,1
corp,2,3
applied,3,3
implemented,2,1
offerings,2,5
one-time,2,1
bargain,2,3
purchases,3,4
once,6,7
gone,2,1
replaced,2,1
something,2,9
else,2,1
entirely,2,2
include,2,5
warehousing,3,1
documentaion,2,1
assistance,2,1
sorting,3,1
distribution,7,3
departments,2,2
we'll,3,3
stop,2,5
exhausted,2,1
shoots,2,1
accounted,2,1
rebuilding,2,1
industries,3,1
steep,2,2
drawdown,2,1
inventories,5,1
sharing,2,2
apportionment,2,1
digital,3,1
cameras,2,1
transferred,6,1
blocked,14,2
thereby,2,3
build,5,3
magnitude,2,1
+100,2,1
mb,2,1
visible,2,2
taking,9,1
confirm,2,1
handler,2,1
added,3,4
outside,3,2
mao,2,1
ample,2,1
making,7,7
barter,2,1
dead,4,1
franchise,3,1
quarterly,4,2
solve,3,2
continues,2,6
knitting,3,1
clothing,8,1
luo,2,1
grain,3,1
evaluate,2,1
status,14,4
tried,2,3
shorten,2,1
carrying,3,1
rejected,2,1
waster,2,1
abnormity,2,1
values,3,6
master,2,1
updated,4,3
sufficient,4,1
remaining,3,1
capacity,5,3
bin,2,1
fee,2,1
freight,2,1
inclusive,2,1
enquiry,4,1
follows,2,2
push,2,2
strengthen,3,2
scientific,4,1
ignored,2,1
potential,3,11
especially,2,8
uncertainty,4,3
tremendous,2,1
cluster,3,1
supervising,2,1
conducting,2,2
twice,2,2
yearly,5,2
perpetual,2,1
differences,4,4
reported,2,1
im,6,1
handling,2,1
possible,3,9
wm,2,1
pps,2,1
internal,4,2
generated,2,1
transportation,4,1
beverage,3,1
par,3,3
operating,3,3
smooth,2,2
operation,8,4
monitor,13,5
dig,2,1
root,3,1
over,4,32
styles,2,1
suit,3,1
notion,2,1
licensed,2,1
free,4,3
game,4,2
changing,2,1
development,4,5
2000,3,1
combines,2,1
eoq,3,1
optimal,6,1
organizing,3,1
meeting,3,1
collect,3,1
clearing,2,1
water,4,1
regional,8,3
strictly,2,1
fifo,3,1
derby,2,1
database,7,4
reflected,2,2
storefront,2,1
built,2,3
using,12,1
openlaszlo,2,2
finds,2,1
marked,2,1
code,4,1
odd,3,1
label,2,1
planned,7,2
plea,2,1
se,2,2
quotation,4,1
substitute,2,1
handled,2,1
stored,3,1
corrective,2,1
actions,2,2
attain,2,1
such,11,10
sample,5,2
passes,2,3
test,2,2
spot,3,2
fell,2,8
textile,3,1
lower,5,7
shipping,16,1
eschewing,2,1
one-dimensional,2,1
figure,3,4
melodrama,2,1
playwright,2,1
people,7,14
stage,2,2
lively,2,1
beings,2,1
surging,2,1
food,11,1
feed,4,1
fuels,2,1
combining,2,1
tight,2,2
markets,3,53
eiu,2,1
writes,2,1
menu,3,1
review,7,1
automatically,3,5
based,15,7
logistic,2,1
rules,3,3
mto,2,1
sub-assemblies,2,1
clean-room,2,1
requirements,7,3
notifies,2,1
runs,2,1
reducing,5,1
adopted,2,3
factor,4,4
directly,5,4
affects,2,1
enterprise's,4,1
competitive,2,2
ability,2,4
final,5,1
profit,3,10
chain's,2,1
merits,2,2
conditions,3,4
enforcing,3,1
credit,5,5
debt,2,11
outstanding,2,8
agreed,4,4
establishment,3,3
targets,4,2
returnable,2,1
packaging,9,1
integrity,2,1
shows,6,4
doesn't,3,2
lost,4,12
theft,3,1
inaccurate,4,1
recording,3,1
assure,5,1
rational,3,2
avoid,5,4
absurd,2,1
tracks,2,2
problems,2,2
highly,2,1
effective,7,5
differently,2,3
inspect,2,1
invoices,2,1
requisitions,3,1
fill,4,2
requisition,2,1
movements,3,3
normality,2,2
steel,5,1
go,4,12
provides,3,6
allowed,2,5
pass,2,1
discovered,2,1
photo,3,2
site,4,1
called,2,11
wrote,2,2
images,6,1
affordable,2,1
queued,2,1
new_order,2,1
adjusted,2,1
procument,2,1
disposition,2,1
smallest,2,3
rises,3,5
supply-hub,2,1
pattern,2,1
regular,7,4
competitor,2,1
intelligence,2,2
volume,3,10
term,3,5
variety,3,3
definitions,2,1
clarification,2,1
soon,2,5
english,3,1
bubbly,2,1
classiest,2,1
house-label,2,1
sainsbury's,2,1
cooperate,2,1
snapped,2,2
masks,3,1
rush,3,3
come,3,5
worldwide,2,1
electron,2,1
manufactures,2,1
unremitting,2,1
trim,2,1
tame,2,1
insane,2,1
adapts,2,1
easily,2,3
modification,2,1
impressive,2,2
performance,5,11
stiffness,2,1
comfort,2,1
pro,3,1
skate,2,1
supreme,2,1
one95,2,1
skates,2,1
evaluation,3,2
execution,2,1
peak,2,2
season,3,1
propose,3,1
improvement,5,2
rapidly,3,3
growing,2,3
country,3,3
china,6,16
housing,2,7
fundamental,4,4
homes,2,1
machine,7,3
investigate,2,1
quantities,8,2
quotations,2,2
efficient,3,6
retailer,3,2
fulfills,3,1
replenishes,2,1
expired,2,1
show,7,9
info,4,1
fully,2,3
committed,2,1
represent,2,1
significant,2,7
bullish,2,5
net,3,4
draw,3,4
stocks,3,45
longer,2,6
excuse,2,1
themselves,2,2
requested,4,1
colour,3,1
behind,2,2
wild,2,1
swings,3,1
lie,2,1
overall,3,5
tools,7,2
quick,5,4
maintenance,8,1
transit,2,1
double,4,2
history,4,7
forecast,10,4
itis,2,1
g,2,1
conversion,2,1
anew,2,1
javabean,2,1
named,2,1
bike,2,1
bicycle,2,2
candidates,2,1
discuss,3,2
vender,3,1
urgent,3,2
presents,2,2
perishable,2,1
dependent,3,1
tracking,3,2
found,2,4
rationally,2,1
daily,9,2
familiar,3,2
count,7,1
consistency,2,2
satisfy,3,1
stock-related,2,1
order_line,2,1
discount,2,5
willing,2,5
discrepancy,2,1
common,2,10
garden,2,1
plants,3,1
optimising,2,1
installation,3,1
lot,7,7
stack,2,1
regulations,2,1
consistent,2,1
relation,3,2
advertised,2,1
eg,2,1
1,7,10
left,4,4
feasibility,2,1
participate,2,3
wip,4,1
verification,2,1
programs,2,2
card,2,1
authorization,2,3
charge,3,2
mastercard,2,1
owning,2,4
decides,3,3
replenishment,7,1
policies,2,1
rights,2,5
danger,3,2
emphasis,2,2
misses,2,1
underlying,3,2
characteristics,2,3
downturn,2,4
firms,2,2
slashed,2,1
pared,2,1
collapsed,2,2
harmel,2,1
roughly,4,1
69,2,1
portfolio,2,11
100,4,4
photographs,2,1
addition,5,2
earned,2,2
commissioned,2,2
nearest,3,1
outlet,2,1
gradually,3,1
depletes,2,1
hair,3,2
expendable,2,1
property,2,4
charged,2,2
expenditure,2,1
handle,2,1
scheduling,3,1
upon,3,7
approval,2,3
matched,2,1
agrees,2,2
turnover,9,2
unpaid,2,1
power,3,4
rental,2,1
assured,2,3
checks,3,4
losses,2,6
spoilage,2,1
damage,4,2
obsolescence,2,1
oversee,3,1
reordering,2,1
cleaning,2,1
receipt,9,1
confirmed,2,1
first-in-first-out,2,1
followed,2,3
security,5,1
employees,3,9
assets,2,9
procedure,5,1
fulfill,7,1
clearest,2,1
magnifies,2,1
damps,2,1
backlog,2,1
occupation,2,1
funds,3,25
size,4,6
multiple,3,4
sets,3,1
facility,2,2
post,3,1
li,2,1
boning,2,1
dunhuang,2,1
on-line,3,1
sellers,2,1
stock-based,2,1
accrual,2,1
corporation,4,9
asks,2,2
loan,2,3
bank,2,24
expenses,2,3
ciq,2,1
periodically,6,1
safe,7,1
video,12,1
leads,2,1
needed,2,1
glad,2,1
samples,2,1
district,3,2
bar,2,2
manager,5,1
areas,2,1
training,4,2
we've,4,1
got,4,3
great,4,7
cards,5,1
occasions,2,1
holiday,2,2
get-well,2,1
graduation,2,1
friendship,2,1
orleans,2,1
owned,2,4
goldman,2,6
j,2,1
morgan,2,4
glencore,2,1
trafigura,2,1
accumulated,2,1
60,3,2
zinc,4,1
mainten,2,1
generate,4,2
program,8,5
otherwise,2,4
rolls,2,1
second-hand,2,1
cars,5,1
valet,2,1
execute,3,1
reworking,3,1
bad,2,5
apple's,2,2
beijing,4,1
9am,2,1
shopper,2,1
authorized,2,2
stipulation,2,1
variability,3,1
variance,2,1
planners,2,1
on-time,2,1
sheet,4,3
save,3,2
transactions,6,3
loosely,2,1
tpc-c,2,1
order-status,2,1
stock-level,2,1
predefined,2,2
alert,2,2
shortage,4,1
announced,3,6
purchasers,2,1
introduced,2,1
independent,3,3
train,2,2
routine,2,2
layout,2,1
enter,3,4
sections,2,1
repaired,2,1
refresh,2,1
advertisement,2,1
poster,3,1
brochure,3,1
gifts,2,2
communication,4,1
preparation,3,1
order's,2,1
error,4,1
referring,2,1
15,3,5
unable,2,4
offering,2,18
encourage,2,3
supplier's,2,1
on-,2,1
moreover,2,2
traders,2,8
say,2,12
hold,4,6
three-quarters,2,1
actually,2,8
item_in_stock,2,1
above,3,4
identifies,2,1
particular,2,9
deletes,2,1
plans,4,5
electrical,3,1
mechanical,3,1
issued,2,8
subsequently,2,1
repurchased,2,1
thus,2,2
block,4,3
affect,4,2
commercial,2,2
managements,2,1
never,2,3
happens,2,2
conscious,2,1
smoothly,3,1
bargains,2,1
dynamic,5,3
attributes,2,1
combined,2,1
computers,3,3
track,7,2
itself,2,4
reliable,3,2
garment,4,1
sea,3,2
west,2,2
close,5,3
200,2,2
jins,2,1
top,2,9
ratings,2,1
perhaps,2,8
promoting,2,1
aggressively,3,1
sourcing,4,1
individuals,2,2
accordance,3,1
threshold,2,1
incrementing,2,1
posm,2,1
mentions,2,1
one-stop,2,1
mode,4,3
respected,2,1
records,3,1
perform,3,1
administer,2,1
winery,2,1
x,2,1
roll,3,1
chocolates,2,1
consider,2,6
fulfilled,2,1
mean,2,2
endanger,2,1
base,3,2
drastically,2,1
theories,2,1
applying,2,1
manufacturing,3,1
belong,3,2
distributor,4,1
ceramic,3,1
stainless,2,1
dealer,5,1
consumable,3,1
reagents,2,1
efforts,2,2
toyota,2,1
down,3,24
u,2,24
s,2,25
succeeded,2,1
40-day,2,1
carter,2,1
servicemen,2,1
post-sale,2,1
vehicles,3,1
4,2,5
fitting,2,1
sells,2,4
released,2,2
copies,3,1
operate,2,3
sap,5,1
ect,2,1
switch,2,1
relevant,4,5
works,2,5
standards,2,2
apparel,10,1
end-users,2,1
reluctant,2,1
limit,2,4
somewhat,2,2
target,5,3
formally,2,1
qty,3,1
overseeing,2,1
quantitative,2,1
reference,2,2
randomicity,2,1
conception,3,1
resolution,2,1
administration,2,1
first-class,2,1
secondly,3,1
introduce,2,2
classic,2,1
sensitivity,2,1
discussed,2,3
chemicals,2,1
specializing,2,1
plush,2,1
toys,2,1
new-version,2,1
license,3,1
issuance,3,3
previously,2,3
bought,2,17
re-issued,2,1
sensor,2,1
optimises,2,1
forecasts,3,3
chinese,3,23
acres,2,1
brewing,2,1
alcohol,2,1
15000,2,1
tons,3,1
verify,3,2
conform,2,1
mingxizhang,2,1
pipeline,3,1
restaurant,2,1
checklist,2,1
depends,2,3
how,8,14
fast,3,2
zhe,2,1
filled,2,1
month-end,3,1
stock-take,3,1
rid,2,2
projects,6,1
fixed,2,4
asset,2,4
appointment,2,1
scheduled,2,1
government,2,11
emergency,3,1
against,3,3
centers,2,1
school's,2,1
elementary,2,1
knowledge,5,4
minisculely,2,1
words,3,4
japan's,2,3
productive,2,1
declining,3,2
allocate,2,1
iii,2,1
carried,2,1
brought,3,3
scheme,2,1
resolved,2,2
valuation,3,7
taken,4,2
whichever,2,1
non-localized,2,1
hq,2,1
compliance,2,1
reconcile,2,1
reverse,4,2
return-rate,2,1
large-stock,2,1
bothered,2,1
book-issues,2,1
bm,2,1
arrangement,2,2
vintage,2,1
engineer,2,1
release,4,2
pendred,2,1
background,2,3
detect,3,1
deterioration,4,1
assessed,3,1
intervals,3,1
centres,2,1
animal,4,1
primary,2,2
literature,2,1
genome,2,1
databases,2,2
cambridge,2,1
ma,2,1
subcontracted,2,1
baan,2,1
coverage,3,1
usually,3,16
cleared,2,1
cheaper,2,1
submit,2,1
ty,2,1
retire,2,1
initial,2,4
stock-run,2,1
existed,2,1
prized,2,1
possessions,2,1
towers,2,1
pounds,2,1
shelf,3,1
space,4,2
ease,2,1
access,2,5
job,4,9
calculates,2,1
percent,3,11
holds,2,2
wholesaler,2,1
sees,2,1
growth,2,14
scared,2,1
outs,3,1
watches,2,1
watchmaker,2,1
grocery,2,1
store's,2,1
modify,3,1
2008,2,3
inquired,2,1
equivalent,2,1
adequate,4,1
demands,2,1
preceding,2,1
processes,3,1
idle,2,1
best,2,8
contacts,2,1
liable,2,1
160,2,1
ipads,3,1
mgr,2,1
supervisor,2,1
article,2,3
think,4,14
southern,2,1
driving,2,1
toward,2,3
appalachian,2,1
understand,2,5
correct,2,2
inerrorformation,2,1
effectivce,2,1
monday,3,5
night,2,1
30,2,3
devices,2,1
sunday,2,2
ideal,2,1
weighted,2,2
moving,3,1
first-in,2,1
first-out,2,1
thing,3,4
item's,2,1
title,2,1
proprietary,2,1
molds,2,1
maintaining,2,2
earliest,2,2
what's,2,2
allocated,2,1
futures,2,8
developed,2,5
deteriorating,3,1
stock-out,2,1
logging,2,1
positions,3,4
tooling,2,1
decrease,3,2
you'll,2,3
eis2,2,1
desired,3,1
metal,7,2
aiguilles,2,1
blades,2,1
plenty,2,1
of'em,2,1
why,2,9
bangladesh,2,1
dorsa,2,1
fm,2,1
abroad,2,3
n,2,1
outgo,2,1
clean,3,2
wrap,2,1
rearrange,2,1
air,7,5
oversized,2,1
b,2,3
wouldn't,2,2
leftover,2,1
specialty,2,1
motor,2,1
accessories,3,1
clients,2,3
vip,2,1
recruit,2,1
probably,2,6
widely,2,5
make-to-stock,2,1
address,3,2
extracted,2,1
brings,2,1
abc,2,1
motors,2,2
incl,2,1
plaston,2,1
contract,2,1
liquor,2,1
off,2,15
volkswagens,2,1
bmws,2,1
mercedes-benz,2,1
every,5,11
tell,2,7
holidays,2,1
they're,2,4
assume,2,3
deplete,2,1
po,4,1
staple,2,1
pos,2,1
dc,2,1
teams,2,1
curiosity,2,1
fault,2,1
restricted,2,8
leave,2,6
phone,2,2
db2,2,1
extract,2,1
keys,2,1
kindly,2,2
attention,2,2
unusual,2,2
subject,3,3
circle,2,1
changes,4,4
others,3,5
hand-held,2,1
tasks,2,1
edge,2,1
simplify,2,1
routines,2,1
staff,3,4
sequencing,2,1
operator,3,1
breakpoint,2,1
shops,3,1
doing,2,4
listing,2,8
illustrates,2,1
stock-trading,2,3
compensating,2,1
statistic,2,1
mills,2,2
blind,2,2
clothes,3,1
high-grade,2,1
wool,2,1
sweater,2,1
on-the-way,2,1
piston,2,1
chrysler,2,1
eliminating,3,1
25,2,1
leaving,2,3
44,2,1
limbo,2,1
retain,2,1
often,4,10
familar,2,1
carflow,2,1
names,2,1
bicycles,2,1
inquire,3,1
alfa,2,1
halt,2,3
begin,2,2
enlarge,2,1
shrink,2,1
cold,3,1
ins,2,1
apple,3,10
metric,2,1
tea,4,1
prior,2,1
fc,2,1
barcelona,2,1
plate,3,1
withdrawals,2,1
payables,2,1
ensue,2,1
ensures,2,2
grasp,2,2
efficiently,2,1
circulate,2,1
pov,2,1
cdc,2,1
lack,2,3
break,2,2
batches,2,1
maximum,2,1
fuel,3,1
flanges,3,1
outpatient,2,1
pharmacy,2,1
library,3,1
core,2,1
warehouse4,2,1
ton,2,2
t,2,1
greatly,2,1
past,2,9
gauze,3,1
saw,2,2
automotive,2,1
filters,2,1
again,2,5
mbsf,2,1
mat,2,1
doc,2,1
calculation,2,1
real,3,7
transaction,3,4
lots,2,2
garments,3,1
cabinet,2,2
completely,2,4
overage,2,1
arranging,2,1
sequence,2,1
apparatus,2,1
warranty,3,1
labelled,2,1
curve,2,1
graph,2,3
october,3,3
vw,2,2
briefly,2,2
drove,2,1
vw's,2,1
300,2,2
automatic,2,2
question,2,4
trace,2,1
end-to-end,2,1
ships,4,1
24,2,1
blend,3,1
relatively,2,2
inexpensive,2,1
organisations,2,1
hospitals,2,1
armed,2,1
forces,2,2
rfid,2,1
tags,2,1
fehk,2,1
sub-inventory,2,1
hasn't,2,1
offered,2,3
ipad,2,1
declined,2,2
comment,2,1
figures,2,1
auto,3,1
walkman,2,1
d,5,2
magazine,2,1
fix,2,1
regulation,2,2
suggests,2,2
sleep,2,1
allow,2,3
brain,2,1
flush,2,1
wastes,2,1
remain,2,2
filament,2,1
2-3,2,1
week,3,9
all-time,2,1
everything,2,7
respecting,2,1
light,2,1
touch,2,2
telephone,3,2
tool,4,5
everyday,2,1
otd,2,1
avoiding,2,2
advantage,2,4
re,2,1
getting,4,4
piled,3,1
apples,2,1
sort,2,1
double-click,2,2
unitsinstock,2,1
owner,2,6
t-shirts,2,1
quoted,2,3
lately,2,2
valid,2,2
managed,3,1
shipshape,5,1
six,3,4
shop-soiled,3,1
we're,2,2
can't,3,5
indicating,2,1
uc1,2,1
uc2,2,1
uc3,2,1
coordinator,3,1
accomplish,3,1
favor,2,2
seller,2,1
respect,2,2
seller's,2,1
exist,2,1
uncontrolled,2,1
burden,2,1
fabrics,4,1
sunscreen,2,1
blinds,2,1
tap,3,2
screw,2,1
pipe,3,1
interested,2,4
closeout,2,1
clearance,3,1
32,2,1
biggest,2,3
invoicing,2,1
easier,2,1
die,2,1
cast,2,1
m,2,1
makes,2,8
know,3,17
re-stock,3,1
on-site,2,1
2012,2,1
lotus,2,1
documents,2,2
designs,2,1
bright,2,2
groups,2,2
costing,2,2
secrete,2,1
firstly,2,1
winter,2,1
round,2,1
reserve,3,1
eventually,2,1
generally,2,2
abundant,2,1
causing,2,1
opportunities,2,2
rupture,2,1
sleeve,2,1
shirts,2,1
promptly,2,1
q,2,2
gr,2,1
project,5,2
expect,2,3
--,2,8
salespeople,2,1
insist,2,1
inadequate,2,1
hold-ups,2,1
failure,2,6
state,2,10
bureau,2,1
hello,2,1
belts,2,1
purses,2,1
cheap,2,5
2006,2,2
istockphoto's,2,1
contained,2,1
~1,2,1
contributed,2,1
23,2,2
000+,2,1
blendpanel's,2,1
startcolor,2,1
finishcolor,2,1
brown,2,1
sugar,2,1
themoment,2,1
expects,2,3
harmonic,2,1
era,2,1
entered,2,1
chance,2,4
drawings,2,1
mathematics,2,1
social,5,1
ham,2,1
kg,2,1
blendpanel,2,1
color,2,2
scrolls,2,1
10,2,8
80,3,3
mt,2,1
april,2,3
william,2,1
mohammad,2,1
himself,2,3
virgins,2,1
sizes,2,1
entries,2,1
720,2,1
pcs,2,1
impulsive,2,1
ex-stock,2,1
shanghai,2,7
estimated,2,1
arrival,2,1
belonging,2,2
solely,2,1
purpose,2,2
turns,2,2
ex-warehouse,2,1
floor,2,1
funded,2,1
ooo,2,1
disciplinary,2,1
leadership,2,1
chairing,2,1
guaranteeing,2,1
cooperation,5,1
improved,3,1
evolutionary,3,1
algorithm,4,1
optimization,9,1
join,3,1
intermediary,3,1
agent,61,1
energy,2,2
pharmaceutical,3,1
arts,10,1
crafts,5,1
periodical,3,1
literary,6,1
environmental,3,2
protection,3,1
sulfide,2,1
petroleum,2,1
wax,2,1
transport,13,1
toy,6,1
games,2,2
building,2,3
coordination,3,1
loading,2,1
unloading,2,1
trucks,2,1
determination,2,1
sequences,2,1
corresponding,2,3
finish,2,1
annually,2,1
polyester,2,1
live,2,1
slow,2,1
destocking,2,1
lean,2,1
joint,2,3
attend,2,1
auction,2,1
leasing,2,1
mortgage,2,5
consultation,2,1
finalize,2,1
television,5,1
co-publishing,5,1
stamping,2,1
binding,3,1
data's,2,1
integrated,6,2
stationery,4,1
incense,3,1
smoke,2,1
audited,2,1
stock-taking,3,1
sciences,4,1
audio,9,1
audio-visual,6,1
educational,3,1
classes,4,2
inactive,2,2
raising,2,3
sole,2,1
shoe,4,1
sports,3,1
education,2,3
joined,2,1
dummy,2,1
metallurgical,2,1
paperboard,3,1
software,3,8
ink,2,1
textiles,4,1
leather,5,2
hardware,2,1
establishing,2,1
null-,2,1
consumptive,2,1
coated,2,1
offset,2,2
corrugated,2,1
medium,2,1
cardboard,2,1
management's,2,1
countermeasure,2,1
steps,2,1
removal,2,2
posting,11,1
unrestricted,2,1
probing,2,1
administrative,2,1
deputy,2,1
timing,2,2
plastic,3,1
labels,3,1
culture,4,2
wood,2,1
pulp,2,1
writing,2,2
non-ferrous,3,1
alloy,2,1
waste,2,3
copper,4,1
farm,12,1
pesticide,2,1
fresh,4,2
excipients,2,1
capacitors,2,1
relays,2,1
signal,2,4
relay,2,1
instance,2,2
agglomerating,2,1
tv,5,2
pens,2,1
penholder,2,1
pen,2,1
container,2,1
opposed,2,2
auctioneers,2,1
finding,2,1
living,2,3
seldom,2,1
increases,3,2
specifications,2,2
safely,2,1
properly,2,1
organized,2,1
expressions,2,1
standing,2,1
agreement,2,1
billing,2,1
skills,2,1
dispose,2,1
dull,2,1
component,3,2
reach,2,3
inventorying,2,1
=,2,1
surface,2,1
cross-company,6,1
quota,2,1
customs,2,1
connection,2,1
multi-echelon,2,1
improving,2,1
step,4,2
semi-finished,3,1
headquarter,2,1
subsidiaries,2,1
agricultural,5,2
beans,3,1
nuts,5,1
dried,5,1
tactics,2,1
calligraphy,2,1
painting,3,1
craft,2,1
bamboo,2,1
rattan,2,1
reed,2,1
hay,2,1
stock's,3,14
supervision,2,2
women's,2,1
casual,2,1
fabric,3,1
series,3,8
hemp,2,1
diode,2,1
door,2,2
predicting,2,1
starch,2,1
sp_update_acct,2,1
reflect,2,4
coating,2,1
integrating,2,1
evaluations,2,1
price-sensitive,2,1
mushroom,2,1
gardening,3,1
closely,2,2
fuzzy,3,1
hierarchy,2,1
eastern,2,1
academy,2,1
programme,2,1
obsolescent,2,1
provision,2,1
uniforms,2,1
luggage,2,1
bags,2,1
tobacco,2,1
cigarette,2,1
relationship,2,7
resolvent,2,1
women,2,1
skirt,2,1
trousers,2,1
advertising,2,1
agency,3,2
casting,2,1
investors,2,66
deprive,2,1
him,2,12
hp,2,2
chips,2,1
semiconductors,2,1
brokers,2,7
operations,2,1
deleted,2,1
intelligent,2,1
refined,2,1
simulation,3,1
stochastic,4,1
drops,2,2
took,2,5
multilevel,2,1
transferring,2,2
presentation,2,1
reset,2,1
confused,2,1
ado,2,1
disappearance,2,1
always,2,10
physically,2,1
mineral,2,1
optical,3,1
camera,3,1
film,5,1
vcd,2,1
cd,2,1
warning,2,2
expiration,2,1
dates,2,1
veterinary,2,1
bioproducts,2,1
suggestion,2,1
weifang,2,1
increasingly,2,1
hot,2,2
rooms,2,1
numbers,2,3
hmsa-,2,1
contain,2,1
digit,2,1
utilitarian,2,1
calculating,2,1
batch,2,3
time-based,2,1
commonality,2,1
vegetable,3,1
oils,3,1
cooking,2,1
sign,2,5
received,2,3
two-level,2,1
recoverable,2,1
aerial,2,1
short-switching,2,1
rationing,2,1
single-stock,2,1
multi-demand,2,1
off-grade,2,1
scrapping,2,1
solutions,2,1
asc,2,1
materiel,3,1
multistage,2,1
giving,2,2
consolidation,2,1
repairable,2,1
compound,2,1
poisson,2,1
prediction,2,2
timber,2,1
south,2,4
collective,2,1
forestry,2,1
yard,2,1
investigation,2,1
stock-outs,2,1
posts,2,1
cargos,2,1
bonded,2,1
outward,2,1
cargo,2,1
pedigree,2,1
law,2,3
nuclear,2,1
advice,2,2
electric-coal,2,1
insufficiently,2,1
oem,2,1
aging,2,1
relevance,2,1
spare-parts,2,1
web,2,5
consideration,2,1
informationization,2,1
construction,2,1
gas,2,1
stations,2,1
consigned,2,1
evolution,2,1
chains,2,1
detail,2,1
reconciliation,3,1
visibility,2,1
identify,2,2
priorities,2,1
nonwovens,2,1
collapse,2,2
profile,2,1
closed-loop,2,1
neural,2,1
programming,2,1
elements,2,1
transfers,2,2
merging,2,1
lending,2,3
3-year,2,1
showing,2,2
nc,2,1
exploration,2,1
year-end,2,1
appraisement,2,1
trigger,2,1
carrefour,2,1
restoring,2,1
multigroup,2,1
parallel,2,1
genetic,2,1
choice,2,2
leisure,2,1
laboratory,2,1
infectious,2,1
discussing,2,1
index,2,26
sp_insert_trade,2,1
inserts,2,1
technique,2,1
square,2,2
theorem,2,1
withdrawal,2,2
entities,1,2
listed,1,26
exchanges,1,17
trader,1,6
singer,1,2
band,1,2
arbitrary,1,2
gives,1,6
articles,1,2
incorporation,1,2
effect,1,6
mind,1,2
fascinated,1,2
pile,1,2
driver,1,2
volatile,1,6
deeply,1,2
undervalued,1,4
rendering,1,2
investment,1,29
tricky,1,2
investing,1,8
role,1,8
ethics,1,2
play,1,8
selections,1,2
taxable,1,2
income,1,8
fifteen,1,2
thousand,1,2
dollars,1,8
five,1,11
personal,1,2
gold,1,5
easy,1,8
family's,1,2
investments,1,8
word,1,3
man,1,5
street,1,7
enters,1,3
wooed,1,2
real-estate,1,3
tracker,1,3
zillow,1,2
inc,1,4
one-letter,1,2
symbol,1,11
matter,1,8
tanking,1,2
economy,1,16
up-and-down,1,2
ever,1,4
unemployment,1,3
doom,1,2
gloom,1,2
leaves,1,5
broke,1,2
depressed,1,3
counter-cyclical,1,2
strong,1,8
chang,1,2
microsoft,1,6
picks,1,4
conviction,1,3
surprise,1,3
world,1,15
conversely,1,2
greatest,1,3
beneficiaries,1,3
rocketing,1,3
internet,1,4
1990s,1,4
seem,1,5
nan,1,2
sheng,1,2
banking,1,7
analyst,1,4
uob,1,2
kayhian,1,2
incentive,1,9
succeed,1,2
concept,1,2
pride,1,2
goes,1,11
trailing,1,2
wake,1,2
stream,1,3
regrets,1,2
latest,1,4
doings,1,2
selecting,1,2
news,1,13
quote,1,12
mr,1,22
buffett's,1,2
drive,1,2
caboose,1,2
agencies,1,4
explanation,1,3
tuesday's,1,2
plunge,1,2
today's,1,2
run-up,1,2
leveraged,1,2
recapitalization,1,2
increasing,1,2
stake,1,2
casino,1,6
p&g's,1,2
looks,1,5
ugly,1,2
duckling,1,2
rest,1,7
topic-,1,2
gambling,1,2
missing,1,2
bubbles,1,3
decade,1,6
instrument,1,4
converted,1,4
shareholders,1,14
weeks,1,5
seen,1,7
cut,1,4
continuing,1,3
head,1,7
hoped,1,4
hiring,1,2
underwrite,1,2
bond,1,22
strength,1,6
argue,1,3
prototype,1,2
critical,1,3
liquidity,1,6
individual,1,10
mutual,1,6
allows,1,4
immense,1,2
fortune,1,8
recruited,1,2
generous,1,2
grants,1,3
hires,1,2
impossible,1,2
electricity,1,2
promised,1,2
dismiss,1,2
byd,1,2
darling,1,2
ahead,1,4
deposit,1,5
urban,1,2
rural,1,2
dweller,1,2
present,1,6
national,1,3
buffett,1,10
meaningful,1,2
happening,1,2
java,1,2
elected,1,2
xi,1,2
pan,1,2
fall,1,7
ago,1,11
cautious,1,2
executives,1,9
slash,1,2
spending,1,4
repurchases,1,5
despicable,1,2
previous,1,5
imagine,1,3
house,1,5
professor,1,2
ariely,1,2
interview,1,2
somebody,1,3
i've,1,4
sounds,1,2
oblige,1,2
reply,1,2
rates,1,9
wall,1,5
journal,1,3
dow,1,5
jones,1,3
newswires,1,2
publishing,1,2
newsthat,1,2
moves,1,3
university,1,3
whose,1,4
exchange,1,73
invest,1,12
savings,1,3
paid,1,5
contingent,1,2
meaning,1,3
won't,1,2
hits,1,3
difficulties,1,2
indication,1,3
choose,1,3
svg,1,2
php,1,3
bit,1,4
graphing,1,2
opt,1,2
convert,1,3
euro-denominated,1,2
debts,1,4
claims,1,3
stronger,1,3
currency,1,9
opening,1,2
1m,1,2
interest,1,16
fannie,1,3
mae's,1,2
surprising,1,2
titanic,1,2
dividends,1,7
marketplace,1,2
wagered,1,2
gates,1,2
away,1,5
invester,1,2
remember,1,4
greedy,1,2
ordos,1,2
revealed,1,3
objects,1,4
applications,1,6
non-public,1,3
sfc,1,2
smashing,1,2
piece,1,5
institutional,1,3
investortakingnotice,1,2
skyrocket,1,2
played,1,2
active,1,2
especial,1,2
began,1,6
messages,1,3
asking,1,3
worry,1,3
euro,1,3
zone,1,2
global,1,9
interconnected,1,2
frontier,1,3
illiquid,1,3
difficult,1,5
bad-performing,1,2
far,1,6
wiping,1,2
resona's,1,2
quadrupled,1,2
12,1,4
japanese,1,5
sector,1,5
reality,1,2
larger,1,4
motivation,1,4
tradable,1,2
e,1,2
liquid,1,2
knows,1,2
absolute,1,5
bottom,1,8
shouldn't,1,2
trying,1,7
guess,1,2
cultivated,1,2
yunnan,1,2
grafting,1,2
pear,1,2
cultivars,1,2
jal,1,2
broker,1,16
goodies,1,2
fares,1,2
commodity,1,8
bankers,1,5
influxes,1,2
nature,1,3
[stock,1,2
market],1,2
bubble,1,4
fogies,1,2
psychological,1,3
aig's,1,2
york,1,16
paris,1,3
switzerland,1,2
tokyo,1,8
enron,1,4
blame,1,2
her,1,9
diversify,1,3
seek,1,2
private,1,6
complicating,1,2
employee,1,6
channel,1,2
dominoes,1,2
face,1,7
downwards,1,3
drow,1,2
stands,1,3
front,1,4
taught,1,3
ticker,1,5
wiggles,1,3
none,1,3
true,1,6
kill,1,3
hadn't,1,3
ended,1,4
remains,1,4
suspended,1,3
nevertheless,1,3
earning,1,2
ratio,1,5
done,1,5
package,1,3
mostly,1,4
conservative,1,2
mix,1,3
pitfalls,1,2
risky,1,5
vest,1,3
taxpayers,1,2
repaid,1,3
portion,1,4
august,1,3
220,1,2
interim,1,2
gm,1,6
chairman,1,3
kent,1,2
kresa,1,2
government's,1,2
willingness,1,3
loans,1,7
contemporary,1,2
art,1,2
voting,1,5
weighing,1,2
exercisers,1,2
miss,1,2
tips,1,2
pounded,1,2
treadmill,1,2
regulators,1,4
march,1,4
failed,1,3
filings,1,2
sec,1,2
journalists,1,2
portal,1,4
users,1,3
remotely,1,2
hosted,1,2
plot,1,2
consists,1,2
separate,1,3
wsxl,1,2
author,1,2
included,1,4
numerous,1,3
charts,1,2
tables,1,2
attempt,1,5
paint,1,2
institutions,1,3
facing,1,3
entry,1,3
conference,1,2
seems,1,6
afraid,1,2
lloyd's,1,2
competitors,1,3
desire,1,3
invested,1,4
teamed,1,2
publicly,1,4
traded,1,9
banks,1,15
rewarded,1,3
senior,1,3
amounts,1,2
rbs,1,2
bonuses,1,4
equity,1,14
refers,1,7
variant,1,2
prefer,1,2
barring,1,2
cashing,1,2
age,1,3
65,1,2
retirement,1,2
sokol's,1,2
resignation,1,3
believed,1,2
weren't,1,2
unlawful,1,2
expert,1,2
lucky,1,3
speculation,1,4
life,1,3
sitting,1,2
grandpa's,1,2
dividend-paying,1,2
fine,1,3
approach,1,5
goal,1,4
preserve,1,2
wealth,1,11
spiral,1,2
flee,1,2
partners,1,3
disappear,1,2
dave,1,2
start-up,1,2
bob,1,2
worked,1,3
salary,1,6
folded,1,2
zip,1,2
third-largest,1,2
lender,1,2
mainland,1,4
stockmarket,1,2
long-awaited,1,3
yahoo,1,5
calls,1,5
appeared,1,2
adding,1,2
indirect,1,3
watchers,1,2
concern,1,3
similar,1,3
worries,1,4
gleaned,1,2
looking,1,7
volatility,1,17
curves,1,2
considered,1,5
indicator,1,5
trend,1,7
sectors,1,4
ghriskey,1,2
h-p,1,3
strategic,1,2
shift,1,2
wasn't,1,3
anywhere,1,2
pocket,1,2
sometimes,1,3
air-pocket,1,2
ceo's,1,2
serious,1,4
illness,1,2
death,1,3
tends,1,4
legitimacy,1,2
flexibility,1,2
redemption,1,2
china's,1,10
ble,1,2
swelled,1,2
feel,1,3
sinking,1,2
raised,1,7
950,1,2
january,1,3
85,1,2
cents,1,2
dollar,1,7
went,1,12
mason,1,2
insiders,1,3
starting,1,2
developed-world,1,2
pumped,1,2
selfsame,1,2
papers,1,2
gain,1,6
technological,1,2
ground,1,2
asian,1,10
rally,1,4
tumbled,1,3
concerns,1,3
player,1,2
obliged,1,2
stones,1,2
likes,1,5
tracing,1,2
excluded,1,2
secondary,1,4
ipos,1,3
considerable,1,2
gains,1,5
downtrend,1,3
massive,1,4
crash,1,3
declines,1,9
precipitously,1,2
particularly,1,5
lawsuit,1,2
almost,1,7
ultimately,1,2
rests,1,2
flows,1,2
response,1,3
up-to-the-minute,1,3
quotes,1,3
mobile,1,2
palmtop,1,2
closed,1,7
spillover,1,3
exists,1,2
extrapolate,1,2
splits,1,3
inclined,1,2
theoretical,1,4
earnings,1,13
typical,1,2
bondholder,1,4
option,1,22
explained,1,5
priced,1,4
ownership,1,15
woman,1,2
surnamed,1,2
wang,1,2
correction,1,2
runaway,1,2
fearful,1,2
reaching,1,2
positive,1,3
slightly,1,3
dark,1,2
aside,1,2
provisions,1,2
guarantees,1,2
itching,1,2
isn't,1,10
academic,1,2
witnessed,1,3
startling,1,2
driven,1,3
fear,1,6
nor,1,6
experts,1,2
winner,1,2
pair,1,3
exaltation,1,2
attraction,1,2
land,1,2
note,1,4
munster,1,2
opportunity,1,3
good-to-great,1,2
except,1,3
biology,1,2
mathematical,1,3
calculational,1,2
united,1,6
states,1,6
olympus's,1,2
yesterday,1,6
surged,1,2
third,1,4
amid,1,2
confidence,1,4
delisted,1,3
comes,1,7
vc,1,2
greed,1,2
startup,1,2
outweighs,1,2
regardless,1,2
he's,1,2
advisors,1,2
remained,1,2
upheaval,1,2
downward,1,5
punctuated,1,2
events,1,5
11-percent,1,2
oct,1,2
america,1,2
leader,1,4
regained,1,2
mobility,1,2
grown,1,3
itch,1,2
rich,1,5
mature,1,3
billions,1,3
pulling,1,2
tumbling,1,3
compaq,1,2
tailspin,1,2
bog,1,2
underwriter,1,2
stock-and-bond,1,2
seeks,1,2
tarp,1,2
acquired,1,2
duncan,1,2
ranch,1,2
wife,1,3
jan,1,3
valued,1,3
millions,1,3
smart,1,4
maybe,1,2
occurred,1,3
rating,1,4
plunges,1,2
century,1,2
truly,1,3
macro-economy,1,3
categories,1,2
speculative,1,3
fate,1,2
brady,1,2
written,1,3
college,1,2
berkshire,1,3
yg,1,2
entertainment's,1,2
teenagers,1,2
score,1,2
favorite,1,2
boy,1,2
band's,1,2
calculated,1,2
broad-based,1,2
indexes,1,3
horrendous,1,2
nothing,1,4
lose,1,5
mister,1,2
kerviel,1,2
hide,1,3
bet,1,4
rising,1,2
depend,1,3
sound,1,2
alone,1,3
quit,1,3
stick,1,3
ones,1,3
baosteel,1,2
largest,1,5
steelmaker,1,2
state-owned,1,3
launch,1,3
shareholder,1,4
rather,1,7
de,1,2
la,1,3
torre,1,2
indices,1,6
adjustments,1,2
repurchase(stock,1,2
buyback)is,1,2
resulting,1,2
popped,1,2
raft,1,2
ipo-eve,1,2
roller,1,2
coaster,1,2
beach,1,2
pacific,1,3
highest,1,2
singapore,1,2
formation,1,3
commonly,1,3
referred,1,2
encourages,1,2
everyone,1,4
rival,1,2
worthless,1,5
corporate,1,3
you're,1,4
outpace,1,2
long-,1,2
inflation,1,4
regarded,1,2
originator,1,2
securities,1,10
bacome,1,2
devaluated,1,2
ipo's,1,2
underwriters,1,7
hoping,1,2
begins,1,4
critics,1,2
exploits,1,2
long-established,1,2
stock-picking,1,3
region's,1,6
economies,1,3
comparative,1,2
unifies,1,2
relativity,1,2
non-reporting,1,2
clive,1,2
eyes,1,2
philosophical,1,2
inevitable,1,3
stories,1,3
app,1,2
details,1,3
highs,1,3
lows,1,3
walk,1,2
leading,1,4
prospects,1,5
kmart,1,2
crawled,1,2
bankruptcy,1,3
2003,1,2
jump,1,4
thanks,1,4
lampert's,1,2
airports,1,2
cowed,1,2
steve,1,2
killing,1,2
shine,1,2
valuations,1,5
proved,1,2
false,1,2
cow,1,2
hen,1,2
eggs,1,2
central,1,4
nasdaq,1,10
derivatives,1,3
cambodia,1,3
arguably,1,3
bourse,1,4
inthe,1,2
emerging,1,4
fluctuation,1,4
fierce,1,2
obligation,1,2
reckons,1,2
tenth,1,2
fail-to-deliver,1,2
jane,1,2
cap,1,2
suggested,1,2
loyalty,1,2
cover,1,3
integration,1,2
meant,1,2
rarely,1,3
encounter,1,2
globe,1,2
major,1,8
suffering,1,2
crunch,1,2
arising,1,2
sub-prime,1,2
stock-brokers,1,3
corner,1,2
barber,1,2
purposed,1,2
catch,1,2
weasel,1,2
asleep,1,2
proposed,1,3
korea's,1,3
dropped,1,3
north,1,2
media,1,3
country's,1,2
kim,1,2
jong-il,1,2
died,1,2
reforming,1,2
pillars,1,2
dll,1,2
considers,1,2
empirical,1,5
funk,1,2
stock-,1,2
steadily,1,2
reviving,1,2
seize,1,2
acquiring,1,2
majority,1,3
estate,1,4
borrowed,1,7
enticing,1,2
interminable,1,2
download,1,2
metastock,1,2
text,1,3
format,1,2
pickstock,1,2
sufficiently,1,2
michael,1,2
adolf,1,2
fees,1,4
commission,1,5
wednesday,1,5
wine,1,2
cheese,1,2
mixer,1,2
all-hands,1,2
talk,1,2
cachet,1,2
best-known,1,2
domestic,1,4
brands,1,2
helped,1,6
outperform,1,4
member,1,2
dispute,1,2
candidate,1,2
picked,1,2
intel,1,3
appears,1,4
cougar,1,2
exclusivity,1,2
shirakawa,1,2
watch,1,4
golden,1,6
sunlight,1,2
pond,1,2
letter,1,3
sunshine,1,2
up-to-date,1,3
pool,1,2
bank's,1,4
malaysian,1,2
battered,1,2
melt-down,1,2
neighboring,1,2
thailand,1,2
bill,1,3
adventure,1,2
temporarily,1,3
ten,1,4
diversification,1,2
washout,1,2
perfectly,1,4
correlated,1,2
russian,1,3
algorithmic,1,2
entering,1,4
gets,1,4
trampled,1,2
flat,1,3
stampeding,1,2
historical,1,2
consumer,1,5
provider,1,3
indicated,1,3
gimmick,1,2
illustrated,1,2
instruction,1,2
bellwether,1,2
instrumentconsidered,1,2
overalltrend,1,2
gave,1,2
hedge,1,6
represented,1,4
sse,1,3
topic,1,4
debate,1,2
non-system,1,2
possession,1,2
single,1,6
bonus,1,2
indeed,1,4
worth,1,12
330,1,2
563,1,2
laptop,1,2
patient,1,2
bowel,1,2
resection,1,2
survey,1,2
totals,1,2
perks,1,2
awards,1,4
granted,1,2
grant,1,2
intel's,1,2
slide,1,3
17,1,2
amd,1,2
merrill,1,4
lynch,1,3
mcdonald's,1,2
firing,1,2
cylinders,1,2
accepting,1,2
embracing,1,2
serve,1,2
reminder,1,2
exceptionalism,1,2
factors,1,4
capabilities,1,2
choe,1,2
facebook,1,4
ridiculous,1,2
pointless,1,2
chose,1,2
weinberg,1,2
chat,1,2
precocious,1,2
youngster,1,2
favourite,1,2
hotel,1,2
scala,1,2
opera,1,2
walking,1,2
distance,1,2
shopping,1,2
malls,1,2
boutiques,1,2
94,1,2
stay,1,3
fairly,1,4
tragedy,1,2
prompted,1,2
suspension,1,3
australian,1,2
2007,1,5
composite,1,3
understanding,1,2
perspective,1,5
novice,1,3
backed,1,3
lme,1,2
margin,1,6
paying,1,5
morse,1,2
guy,1,2
caught,1,3
wave,1,3
venture,1,3
mergers,1,4
structured,1,2
largely,1,4
replacing,1,2
preferred,1,5
approaches,1,2
probability,1,2
volt,1,2
utilizing,1,2
ai,1,2
expertise,1,2
pure,1,2
cache,1,2
retrieved,1,2
backend,1,2
shutting,1,2
cutting,1,2
fire-sale,1,2
sjm's,1,2
tripled,1,2
outperforming,1,2
seriously,1,2
wealthy,1,3
leslau,1,2
road,1,2
oversubscribed,1,2
repurchase,1,5
fraught,1,2
mining,1,2
oomed,1,2
decreased,1,2
70,1,5
pension,1,3
allotted,1,2
ipo-,1,2
placing,1,2
trillion,1,3
propped,1,2
bets,1,3
aren't,1,4
broader,1,4
health,1,3
woes,1,2
beat,1,2
quarters,1,2
premium,1,6
groupon,1,3
brokerage,1,3
inefficient,1,2
unstable,1,2
terms,1,6
style,1,2
exposure,1,2
disney,1,2
park,1,2
slipped,1,2
working,1,5
week's,1,3
overtime,1,2
admin,1,2
finances,1,2
changed,1,4
nonvoting,1,2
stockholder's,1,2
consent,1,2
judgment,1,2
board,1,4
prohibited,1,2
founders,1,2
allies,1,2
introduces,1,2
computes,1,2
guru12,1,2
pick,1,4
international-stock,1,2
plus,1,3
interactive,1,2
scroll,1,2
ranges,1,2
drawn,1,2
dividend,1,14
reduces,1,2
stockholders,1,4
expansion,1,3
shaanxi,1,2
munger,1,2
pitch,1,2
mentioned,1,4
sokol,1,2
lubrizol,1,3
person,1,2
repay,1,3
aid,1,2
one-third,1,3
certificate,1,7
analysts,1,4
nail,1,3
coffin,1,2
venezuela's,1,2
conduct,1,2
lehman,1,3
joke,1,2
sky,1,3
executive,1,6
trades,1,9
thousandths,1,2
andrew,1,2
haines,1,2
gaining,1,2
losing,1,5
partly,1,2
agree,1,2
consistently,1,3
starters,1,2
tangential,1,2
marcus,1,2
badly,1,2
course,1,6
caster,1,2
spec,1,3
lifted,1,2
jeep,1,2
bigger,1,2
tires,1,2
strategist,1,2
richard,1,4
bernstein,1,2
korea,1,2
kospi,1,2
reeling,1,2
effects,1,4
wiretaps,1,2
chatter,1,2
ge,1,3
profitable,1,3
40,1,3
anytime,1,2
learned,1,2
extent,1,2
trip,1,2
asia,1,3
19,1,2
registered,1,2
listen,1,2
acme-stock-purchase,1,2
protocol,1,2
aware,1,2
coupon,1,2
citi,1,2
interesting,1,2
holder,1,5
vote,1,2
meetings,1,3
guarantee,1,3
cuts,1,2
expectations,1,4
borrowing,1,2
slid,1,2
currencies,1,3
doubled,1,2
certificates,1,2
compare,1,3
barometer,1,2
assigned,1,2
purposes,1,2
printed,1,2
anybody,1,3
choosing,1,2
trophy,1,2
sum,1,2
lived,1,2
appreciation,1,5
custody,1,2
custodian,1,2
buyout,1,2
victim,1,2
presto,1,2
renren's,1,2
louise,1,2
wrong,1,3
john,1,3
havens,1,2
investment-banking,1,2
chief,1,3
awarded,1,2
9,1,3
floated,1,7
opted,1,2
meritocratic,1,2
discipline,1,2
petrobras,1,2
deep-sea,1,2
eyeballing,1,2
delta,1,2
desk,1,2
prison,1,3
tend,1,3
pockets,1,2
write,1,2
shorted,1,2
apply,1,3
complexity,1,2
anyone,1,3
diminished,1,2
invenstorsinvestors,1,2
after-hours,1,2
hit,1,5
seam,1,2
surely,1,3
stock-market,1,5
psychopaths,1,3
serial-killer,1,2
trouble,1,2
suffer,1,4
isaac,1,2
newton,1,2
minds,1,2
speculated,1,2
wildly,1,3
shirt,1,2
hobby,1,2
wheel,1,3
slip,1,2
sing,1,2
basketball,1,2
tennis,1,2
enhanced,1,2
feature,1,2
protect,1,2
unrealized,1,2
holdings,1,5
black,1,3
tuesday,1,3
crashed,1,3
officially,1,2
setting,1,2
depression,1,4
erratic,1,2
significantly,1,3
modest,1,2
uptick,1,2
redmond's,1,2
peril,1,2
joe,1,3
saluzzi,1,2
themis,1,2
jersey,1,2
spots,1,2
advised,1,3
describing,1,2
signed,1,2
balestri,1,2
soap,1,2
obtaining,1,2
guaranteed,1,2
british,1,2
emerged,1,2
dominated,1,2
super-fast,1,2
wells,1,4
fargo,1,4
hated,1,2
shut,1,4
authorities,1,3
cope,1,2
worst,1,2
terror,1,2
attacks,1,2
construct,1,2
balanced,1,2
equities,1,3
fits,1,2
cease,1,2
philosophy,1,2
seemed,1,3
market=crazy,1,2
sovereigns,1,2
german,1,4
french)=risk,1,2
claim,1,3
vibration,1,2
sending,1,4
upward,1,2
whilst,1,2
trending,1,3
envisaged,1,2
market-maker,1,2
wasserstein's,1,2
188,1,2
vested,1,2
learn,1,3
love,1,2
repeatedly,1,2
hopes,1,2
studied,1,2
musings,1,2
societe,1,2
generale,1,2
france,1,2
award,1,2
non-executive,1,2
meat,1,2
section,1,4
formula,1,2
stanley,1,3
charges,1,2
seven,1,2
pays,1,2
priority,1,2
regarding,1,2
liquidation,1,2
wizard,1,3
tony,1,2
oz,1,2
discloses,1,2
short-term,1,2
yet,1,6
comprehensive,1,2
manner,1,3
split,1,4
founder,1,2
mark,1,3
zuckerberg,1,2
world's,1,7
youngest,1,2
billionaires,1,2
twenty-seven,1,2
grow,1,3
expire,1,2
analyse,1,2
brothers,1,3
fraction,1,2
functioning,1,2
super-par,1,2
pricing,1,2
argument,1,2
falling,1,3
hurd,1,2
twelve,1,2
reacts,1,3
hefei,1,2
anhui,1,2
province,1,2
december,1,2
2011,1,2
led,1,5
incentives,1,4
mechanism,1,5
playing,1,2
premier,1,2
healthy,1,2
businesses,1,2
foresee,1,2
google,1,3
clearly,1,3
appeal,1,3
fisher,1,2
trends,1,5
comfortable,1,2
knowing,1,3
halted,1,3
rose,1,4
stated,1,2
receipts,1,2
derivations,1,2
although,1,4
carpenter,1,2
hauptmann,1,2
strike,1,2
22,1,2
hkex,1,2
minimise,1,2
l&g,1,2
bid,1,4
baskets,1,2
predetermined,1,3
treatment,1,2
frankfurt,1,3
stuttgart,1,2
dai,1,2
insists,1,2
tie-up,1,2
greater,1,4
wondering,1,2
answer,1,2
pretty,1,3
bleak,1,2
drama,1,2
plays,1,3
hardest,1,2
tests,1,2
founded,1,2
41,1,2
bidvest,1,2
logo,1,2
splashed,1,2
screens,1,2
screeners,1,2
parameters,1,2
etf,1,2
knew,1,2
dramatically,1,2
indicate,1,3
mere,1,2
existence,1,2
jobs,1,3
nikkei,1,4
20-year,1,2
attack,1,2
enable,1,2
speculate,1,2
absence,1,2
fades,1,2
equal,1,2
enthusiastic,1,2
drained,1,2
billion,1,4
institute,1,2
nasdaq-listed,1,2
27,1,3
infants,1,2
puberty,1,2
symptoms,1,2
sheets,1,2
enjoyable,1,2
mini-cycle,1,2
swoon,1,2
continual-declining,1,2
payments,1,2
contribute,1,2
performing,1,2
pantginis,1,2
citizens,1,2
overseas,1,3
banker,1,3
yeah,1,2
tanked,1,2
obvious,1,3
options's,1,2
principal-agent,1,3
restraint,1,2
mechanisms,1,3
sam,1,2
excused,1,2
happened,1,2
wal-mart,1,3
sideways,1,2
couldn't,1,3
ultimate,1,2
measurement,1,4
essay,1,2
analyses,1,3
handicap,1,2
suggestions,1,4
gann,1,3
principles,1,2
governing,1,3
schema,1,2
populated,1,2
in-depth,1,2
raises,1,2
policy-suggestions,1,2
stability,1,2
signals,1,3
disease,1,2
unpredictable,1,2
russia,1,2
finance,1,4
tsunami,1,3
suppose,1,3
calculate,1,2
host,1,2
multiprocessor,1,2
express,1,2
controls,1,4
berkshire's,1,3
believes,1,2
determined,1,4
dividing,1,2
felix,1,2
gillette,1,2
reporter,1,2
bloomberg,1,2
businessweek,1,2
scandal,1,2
pummeled,1,2
relies,1,2
effectiveness,1,2
hastoe,1,2
association,1,2
epping,1,3
essex,1,2
straw,1,2
houses,1,3
forest,1,2
council,1,2
milliseconds,1,2
parse,1,2
log,1,2
soaring,1,2
laws,1,3
personally,1,2
certify,1,2
accurately,1,2
views,1,2
assumed,1,2
multiples,1,2
spent,1,2
1980s,1,2
listings,1,4
transformed,1,2
surreal,1,2
circus,1,2
initatives,1,2
entrepreneurs,1,3
tax,1,6
stakes,1,2
osborne,1,2
stays,1,3
exit,1,2
elliot,1,2
obviously,1,3
acquisition,1,4
advance,1,3
proxy,1,3
debentures,1,2
fallen,1,4
34,1,2
scania's,1,2
takeover,1,2
reits,1,2
steady,1,3
hurt,1,3
jpmorgan,1,2
stepped,1,2
unless,1,3
competent,1,2
authority,1,2
deployed,1,2
smaller,1,2
accommodation,1,2
large-scale,1,2
specialized,1,2
residual,1,2
claimants,1,2
permanent,1,2
imposed,1,3
comply,1,2
eight,1,2
hundred,1,2
read,1,3
portlet,1,2
gambles,1,2
180,1,2
fishery,1,2
assessment,1,2
scientist,1,2
juicy,1,2
moscow,1,2
straining,1,2
heavily,1,4
clever,1,2
manipulation,1,4
turned,1,4
smarter,1,2
looked,1,2
pollution,1,2
gainers,1,2
e-mail,1,2
merrill's,1,2
president,1,2
complaining,1,2
symbols,1,2
provider's,1,2
pancreatic,1,2
cancer,1,2
february's,1,2
tumble,1,2
rushing,1,2
forms,1,3
filling,1,2
outperformed,1,2
31,1,3
percentage,1,5
promise,1,2
bucks,1,2
fished,1,2
troubled,1,2
waters,1,2
solicitors,1,2
accountants,1,2
recognized,1,2
body,1,2
respond,1,2
populous,1,2
anger,1,2
reaction,1,3
fears,1,2
reacted,1,2
indiscriminately,1,2
boom,1,6
triple,1,2
prospers,1,2
exchange-traded,1,2
resemble,1,2
index-oriented,1,2
political,1,2
roots,1,2
faint,1,2
correlation,1,3
column,1,3
coin,1,2
sides,1,3
student's,1,2
yukos's,1,2
dismemberment,1,2
rosneft's,1,2
loaded,1,2
spend,1,5
mother,1,2
notable,1,2
aversion,1,2
presumably,1,2
longer-term,1,2
sars,1,2
phantom,1,2
receiver,1,2
symbolic,1,2
swelling,1,2
highlights,1,2
assign,1,2
criteria,1,3
appraisal,1,2
insurance,1,3
separately,1,2
circ,1,3
h,1,2
alphabetical,1,2
generation,1,2
positioned,1,2
clutch,1,2
renowned,1,2
overallotment,1,2
lists,1,2
fundamentals,1,2
deteriorate,1,2
revenue,1,4
bull,1,5
personnel,1,2
acts,1,2
comparison,1,2
recommendations,1,2
fractures,1,2
technically,1,2
demanding,1,2
suboptimal,1,2
fixation,1,2
bone,1,2
americans,1,2
pushing,1,3
saving,1,2
severe,1,2
household,1,4
turmoil,1,3
uptrend,1,2
noise,1,2
chop,1,2
obscure,1,2
newspaper,1,2
bankrupting,1,2
spreads,1,2
scare,1,2
so-,1,2
circuit,1,2
breakers,1,2
time-,1,2
periods,1,4
e-mails,1,2
someone,1,2
hands,1,2
dramatic,1,3
russia's,1,3
suffered,1,2
substantial,1,3
outbreak,1,2
hostilities,1,2
georgia,1,2
encountered,1,2
pathological,1,2
exceeded,1,2
examples,1,4
prudent,1,2
eps,1,2
eri,1,2
amp,1,2
targeted,1,3
conditionally,1,2
bihl,1,2
former,1,3
poker,1,2
natural,1,2
progression,1,2
valuing,1,2
places,1,2
riskier,1,3
renewed,1,2
exodus,1,2
dismal,1,2
seal,1,3
affixed,1,2
endorsement,1,2
signature,1,3
fan,1,2
message,1,3
bottles,1,2
flint,1,2
amber,1,2
variation,1,2
closures,1,2
uk,1,2
28mm,1,2
mca,1,2
ropp,1,2
closure,1,2
mizuho,1,2
australia's,1,2
macquarie,1,2
miserable,1,2
discounted,1,3
regulating,1,2
guide,1,3
concentrated,1,2
proceeds,1,2
most-traded,1,2
giants,1,2
ebay,1,2
dell,1,2
thinking,1,2
buys,1,3
95,1,2
brk,1,2
upbeat,1,2
thursday,1,3
sank,1,2
lowest,1,3
november,1,2
dip,1,2
140,1,3
ipo,1,3
minchin,1,2
favour,1,3
offloading,1,2
a$8bn,1,2
a$10bn,1,2
improves,1,2
managerial,1,3
digesting,1,2
helpful,1,2
hospitality,1,2
facebook's,1,2
debut,1,2
friday,1,4
scoop,1,2
brightsource,1,2
canceling,1,2
cited,1,2
adverse,1,2
subscription-based,1,2
feeds,1,2
productivity,1,2
tone,1,2
seating,1,2
logo-,1,2
embossed,1,2
spoke,1,2
steering,1,2
imperator's,1,2
passenger,1,2
cabin,1,2
apart,1,2
slump,1,3
weather,1,3
commercial-,1,2
residential-mortgage,1,2
so-called,1,4
blue,1,2
chip,1,2
slower,1,2
malaysia's,1,2
stem,1,2
outflow,1,2
signs,1,3
burdened,1,2
slack,1,2
1932,1,2
proof,1,2
trio,1,2
regulate,1,2
button,1,2
seventy,1,2
workforce,1,3
wary,1,2
involvement,1,2
alter,1,2
out-and-out,1,2
garbage,1,2
fitted,1,2
gallery,1,2
shots,1,2
ok,1,2
eye,1,3
day`s,1,2
what`s,1,2
we`re,1,2
naked,1,2
link,1,2
longkong,1,2
labyrinthine,1,2
caves,1,2
cyclical,1,2
slowing,1,2
counter-purchase,1,3
infuse,1,2
30-40,1,2
adds,1,2
resist,1,2
degrees,1,2
intrinsic,1,2
vast,1,2
spokeswoman,1,2
success,1,2
preventing,1,2
fraud,1,2
secret,1,2
dealings,1,2
aimed,1,2
manipulating,1,3
recommendation,1,2
paced,1,2
factories,1,3
north's,1,2
gaeseong,1,2
city,1,2
helsinki,1,2
queasy,1,2
blow,1,2
harvard,1,2
university's,1,2
freeman,1,2
ballmer,1,2
boost,1,3
cash-and-stock,1,2
stood,1,2
initially,1,2
nominal,1,3
congratulations,1,2
k,1,2
police,1,2
barred,1,2
protesters,1,2
paternoster,1,2
recommended,1,2
definition,1,2
ui,1,2
ino,1,2
hear,1,2
arollercoasterroller-coaster,1,2
ride,1,3
week-,1,2
fluctuated,1,2
world-wide,1,2
practically,1,2
stationary,1,2
york's,1,2
fore,1,2
legal,1,3
certainly,1,2
moved,1,2
direction,1,2
brazilian,1,2
nyse,1,2
sits,1,2
somewhere,1,2
extreme,1,2
arrives,1,2
notification,1,2
subscriptions,1,2
scraper,1,3
invoke,1,2
script,1,2
delist,1,2
remove,1,2
violation,1,2
blunt,1,2
government-debt,1,2
holders,1,2
artificial,1,2
besides,1,2
depth,1,2
reform,1,2
stipulations,1,2
ratios,1,2
investor's,1,3
stye,1,2
open-ended,1,2
persistence,1,4
approve,1,2
sheep's,1,2
hong,1,2
kong-listed,1,2
risen,1,3
45,1,3
reflects,1,2
garfield,1,2
drew,1,2
odd-lot,1,2
propping,1,2
over-riding,1,2
encapsulates,1,2
sqlite,1,2
storing,1,2
mathematically,1,2
certainty,1,2
inflows,1,3
baby,1,2
boomers,1,2
acted,1,2
belief,1,2
fuelled,1,2
tested,1,2
climate,1,2
identified,1,2
analysed,1,2
origins,1,2
universe,1,2
probed,1,2
flogging,1,2
moaned,1,2
sentiments,1,2
expressed,1,2
behaviour,1,2
railroads,1,2
recovered,1,2
deutsche,1,2
poorest,1,2
performers,1,2
derivative,1,3
tightly,1,2
ghouls,1,2
own-usually,1,2
aboard,1,2
fast-moving,1,2
hop,1,2
slows,1,2
wisely,1,2
self-perpetuating,1,2
fueled,1,2
surge,1,4
chinext,1,2
kicked,1,2
overwhelming,1,2
over-the-counter,1,2
unavoidable,1,2
multi-level,1,2
em,1,2
capped,1,2
allowances,1,2
hangs,1,2
inflow,1,2
dries,1,2
stops,1,2
suck,1,2
spring's,1,2
three-for-one,1,2
surpasses,1,2
wii,1,2
u's,1,2
unveiling,1,2
jumped,1,3
sought,1,3
trader's,1,2
thoughts,1,2
swiftly,1,2
viciously,1,2
tencent,1,3
fair,1,2
over-heated,1,2
handheld,1,2
pc's,1,2
precise,1,2
non-linear,1,2
dynamics,1,2
participating,1,2
coexisting,1,2
grew,1,3
gdp,1,3
exceeds,1,2
sweeten,1,2
bondholders,1,2
unsecured,1,2
peers,1,2
stocktwits,1,2
discussions,1,2
twitter,1,2
enormous,1,2
striving,1,2
channels,1,2
fictional,1,2
offshore,1,3
yuan,1,3
stratospheric,1,2
loophole,1,2
corportation's,1,2
1989,1,2
free-fall,1,2
market's,1,5
temperature,1,2
sensible,1,2
jerry,1,2
hey,1,2
frank,1,2
nice,1,2
how's,1,2
hangang,1,2
embarked,1,2
overhaul,1,2
juggle,1,2
believe,1,4
horizon,1,2
synthesis,1,2
involve,1,2
rp,1,2
settlement,1,2
spectrum,1,2
statistical,1,3
scales,1,3
scaling,1,2
qualities,1,2
privatisation,1,2
normally,1,2
hinted,1,2
weaknesses,1,2
stalling,1,2
rough,1,2
kodak,1,2
happy,1,3
unnecessary,1,2
exchanging,1,2
[swapping,1,2
bits,1,2
paper],1,2
memory,1,3
helping,1,2
profitability,1,2
whatever,1,2
weight,1,2
exclude,1,2
accrued,1,2
autoregression,1,2
array,1,2
nonlinearity,1,2
leaps,1,2
intra-day,1,2
rallies,1,3
prompts,1,2
bankrupt,1,3
admit,1,2
parents,1,2
children,1,2
usd,1,2
bound,1,2
irregular,1,2
session,1,2
multiplied,1,2
shakiness,1,2
western,1,3
gulf,1,2
vietnam,1,2
hutchison,1,2
best-performing,1,2
blue-chip,1,2
2010,1,2
barely,1,3
eked,1,2
2005,1,3
underscoring,1,2
diminishment,1,2
win,1,2
rare,1,2
announcing,1,2
buyback,1,3
apotheker,1,2
helm,1,2
47,1,2
luol,1,2
deng,1,2
warrant,1,2
buffet,1,2
downside,1,2
contrast,1,3
plan's,1,2
announcement,1,3
warned,1,3
steer,1,2
covering,1,2
exceed,1,2
smith,1,2
geovax,1,2
penny,1,2
otc,1,2
predictor,1,2
treat,1,2
lottery,1,2
relied,1,2
appear,1,2
deduction,1,2
vanceinfo,1,2
outsource,1,2
destined,1,2
crimped,1,2
margins,1,3
small&medium,1,2
basically,1,2
obtain,1,3
yen,1,2
invoking,1,2
multiplying,1,2
responses,1,2
tiptoeing,1,2
britain,1,2
presented,1,3
makers,1,2
jobbers,1,2
xiecheng,1,3
undersells,1,2
plummeted,1,2
economyimploded,1,2
funding,1,2
evaporated,1,2
yields,1,2
rotate,1,2
faster-growing,1,2
justify,1,2
treating,1,2
earth,1,2
pillow,1,2
crayon,1,2
literally,1,2
fondly,1,2
fountains,1,2
accused,1,2
illegal,1,3
cheaply,1,2
janus,1,2
wanted,1,2
averaging,1,2
mishra,1,2
dominant,1,2
oversea,1,2
seoul,1,2
w,1,2
skill,1,2
testing,1,3
systematic,1,2
caused,1,2
plummet,1,2
spur,1,2
turbulence,1,2
zynga,1,2
happier,1,2
unhappy,1,2
upside,1,3
all-stock,1,2
vectors,1,2
whited,1,2
-out,1,2
plotted,1,2
seeing,1,2
albeit,1,2
minor,1,2
theoretically,1,2
transmission,1,2
creating,1,2
linkage,1,2
gauge,1,2
vix,1,2
one-month,1,2
sudden,1,2
cross-section,1,2
underpin,1,2
weaker,1,3
opened,1,2
career,1,2
fast-paced,1,2
intense,1,2
rewards,1,3
tens,1,2
hazardous,1,2
sidestep,1,2
weak,1,2
stanley's,1,2
suggesting,1,2
shrug,1,2
executions,1,2
unimaginable,1,2
mid-1990s,1,2
respectively,1,2
spiralled,1,2
lurched,1,2
synch,1,2
system's,1,2
inflating,1,2
bars,1,2
screaming,1,2
temptation,1,2
manipulate,1,2
anyway,1,2
marker,1,2
credited,1,2
viewed,1,3
underwriting,1,3
generates,1,2
fewer,1,2
weakness,1,2
measured,1,2
165,1,2
attributed,1,2
freddie,1,2
subordinated,1,2
spread,1,2
citic,1,2
ms,1,2
ng,1,2
court,1,2
taking-stock,1,2
conferences,1,2
throughout,1,2
depending,1,2
giant's,1,2
21,1,2
revenues,1,2
satisfying,1,2
capitalisation,1,2
invests,1,2
arbitrage,1,2
experiment,1,2
forecasting,1,2
fluctuations,1,2
lifetime,1,2
second-largest,1,2
arrived,1,2
harold,1,2
remade,1,2
wiped,1,2
event,1,2
events'effects,1,2
stock-markets,1,2
asia's,1,2
attractive,1,3
sworn,1,2
5m,1,2
closer,1,3
latter,1,3
stand,1,2
hereby,1,2
irrevocably,1,2
constitute,1,2
appoint,1,2
press,1,2
elevated,1,2
allowing,1,2
piles,1,2
thicker,1,2
substrates,1,2
contacted,1,2
practice,1,3
negotiable,1,2
globally,1,2
exchanged,1,2
relishes,1,2
overvalued,1,2
patience,1,2
impossibly,1,2
dimes,1,2
slept,1,2
prizes,1,2
newyork,1,2
announcements,1,2
chosen,1,2
solid,1,3
headspace,1,2
non-state,1,2
icon,1,2
transparency,1,2
activate,1,2
ex-rights,1,2
purchaser,1,2
entitled,1,2
declared,1,2
sachs,1,2
highflying,1,3
betting,1,2
reversal,1,2
haywire,1,2
answers,1,2
solving,1,2
detailed,1,2
holy,1,2
relaxed,1,2
tuple,1,2
tickers,1,2
innovative,1,2
systemic,1,2
believer,1,2
tip,1,2
easiest,1,2
informational,1,2
examine,1,2
handles,1,2
corporation's,1,2
than100,1,2
stray,1,2
fama-french,1,2
explains,1,2
ordinary,1,2
magic,1,2
insight,1,2
225,1,2
benchmark,1,2
merely,1,2
forfeits,1,2
unvested,1,2
unexercised,1,2
cornerstone,1,2
commit,1,2
principal,1,2
recorded,1,2
continuation,1,2
long-running,1,2
roller-coaster,1,2
stock-fund,1,2
bailout,1,2
restructuring,1,2
18,1,2
germany,1,2
cash-cow,1,2
mascot,1,2
dax,1,2
non-efficiency,1,2
sensex,1,3
bombay,1,3
11,1,2
pulled,1,3
indian,1,2
delaminated,1,2
re-positioning,1,2
re-using,1,2
fever,1,2
crashes,1,2
tense,1,2
hose,1,2
reel,1,2
corporations,1,2
discusses,1,2
choices,1,2
nearing,1,2
suspend,1,2
heard,1,2
wearing,1,2
handcuffs,1,2
barsom,1,2
ex-lehman,1,2
promoter,1,2
compensate,1,2
abnormal,1,2
phenomena,1,2
insider,1,2
thoroughly,1,2
plunging,1,2
worried,1,2
solvency,1,2
east,1,2
fat,1,2
fighting,1,2
canadians,1,2
capitulate,1,2
krones,1,2
aiming,1,2
render,1,3
uncle,1,2
owns,1,2
strings,1,2
hired,1,2
five-year,1,2
classmate,1,2
10m,1,2
colleague,1,2
protective,1,2
violated,1,2
bse,1,2
30-day,1,2
nine,1,2
rows,1,2
fields,1,2
configuring,1,2
subscription,1,2
measures,1,2
misleads,1,2
performances,1,2
potentials,1,2
crowding,1,2
s&p,1,2
500,1,2
sophisticated,1,2
shortcoming,1,2
exchange's,1,2
10%or,1,2
5minutes,1,2
puts,1,2
impacting,1,2
pencils,1,2
backward,1,2
investigated,1,2
intended,1,2
deceive,1,2
potash,1,2
proves,1,2
realized,1,3
superior,1,2
closing,1,2
limits,1,2
baidu,1,2
safest,1,2
enjoyed,1,2
promoters,1,2
sprang,1,2
delayed,1,2
regains,1,2
degree,1,2
buoyancy,1,2
concluded,1,2
msci,1,2
16,1,2
excluding,1,2
stock-grant,1,2
computerized,1,2
bail,1,2
assistant,1,2
wsc,1,2
subscriber,1,2
notifications,1,2
susceptible,1,2
panic,1,2
ought,1,2
altogether,1,2
dick,1,2
sweep,1,2
hesitate,1,2
incomes,1,2
reviewing,1,2
considerations,1,2
110m,1,2
wolf,1,2
characterized,1,2
correlations,1,2
reversals,1,3
huaxi,1,2
commune,1,2
uranus,1,2
turning,1,2
retrograde,1,2
strongest,1,2
signatures,1,2
correlating,1,2
topix,1,2
portfolios,1,2
rebounded,1,2
1968,1,2
seaworld,1,2
[citation,1,2
needed],1,2
enabling,1,2
leaking,1,2
shanghai's,1,2
builders,1,2
herbs,1,2
perennial,1,2
formed,1,2
overlapping,1,2
petioles,1,2
basal,1,2
bud,1,2
fibrous,1,2
portfoliovalue,1,2
caller,1,2
compute,1,2
unknown,1,2
jms,1,2
mdb,1,2
associated,1,2
shorting,1,2
curb,1,2
newly-tradable,1,2
harder,1,2
dumping,1,2
introduction,1,2
